{"mean_joviality":0.49379372796933807,"median_wage":15.98101852,"median_rent":706.97,"food":342.2487309353933,"recreation":421.27016549483307,"shelter":680.4865972139936,"education":50.18244200437279}