{"mean_joviality":0.49379372796933807,"median_wage":15.98101852,"median_rent":706.97,"food":342.24873093539367,"recreation":421.2701654948332,"shelter":680.4865972139935,"education":50.18244200437288}