{"city_cohesion_rate":0.6484178804620794,"city_median_wage":14.743774675000001}