{"city_cohesion_rate":0.6467636728549925,"city_median_wage":14.743774675000001}